,country,region,region_num,regime_type,political_regime,human_rights_score,gdp,population,total_vaccinations,people_fully_vaccinated_per_hundred
0,Afghanistan,asia,3,electoral autocracy,1,-2.311016703,1978.96157872183,39074280,4674518,9.42
1,Albania,europe,5,electoral democracy,2,0.851179641,13295.4108845409,2877239,2316606,35.89
2,Algeria,arab states,2,electoral autocracy,1,0.354196847,10681.6792969827,43984569,12545356,12.57
3,Angola,africa,1,electoral autocracy,1,-0.388862744,6198.08384070806,33032075,11615144,11.58
4,Argentina,south america,8,electoral democracy,2,0.784109255,19686.523658911,45267449,76760265,71.66
5,Armenia,europe,5,electoral autocracy,1,0.106262163,12592.6353675009,2964219,1626738,23.32
6,Australia,pacific,4,liberal democracy,3,1.753645266,48697.8370282475,25550683,42812691,76.71
7,Austria,europe,5,liberal democracy,3,2.275798607,51935.6038618156,9015361,16494646,71.89
8,Azerbaijan,asia,3,electoral autocracy,1,-0.397757013,13699.665590318,10154978,11346365,45.74
9,Bahrain,arab states,2,closed autocracy,0,-0.373735987,40933.3526644217,1711057,3242189,67.47
10,Bangladesh,asia,3,electoral autocracy,1,-1.422503477,4818.09473660531,164972348,132282376,26.9
11,Barbados,south america,8,liberal democracy,3,1.171229206,12870.0425037649,287437,299765,49.97
12,Belarus,europe,5,electoral autocracy,1,-0.02901722,19148.1751007952,9448772,7708200,34.19
13,Belgium,europe,5,liberal democracy,3,2.729590384,48210.0331113444,11598451,21643667,75.65
14,Benin,africa,1,electoral autocracy,1,0.883672664,3323.14445067303,12175480,1773592,10.6
15,Bhutan,asia,3,electoral democracy,2,1.795294373,10909.1001689407,773069,1154843,72.46
16,Bolivia,south america,8,electoral autocracy,1,0.993489422,7931.75430931062,11700207,9980722,39.32
17,Bosnia and Herzegovina,europe,5,electoral democracy,2,1.163504478,14339.8311811662,3277152,1553874,22.08
18,Botswana,africa,1,electoral democracy,2,1.214679585,16040.0084730125,2359585,2197946,43.05
19,Brazil,south america,8,electoral democracy,2,-1.167172456,14063.9825053838,212821986,332076818,67.16
20,Bulgaria,europe,5,electoral democracy,2,0.618488942,22383.8055436428,6939018,3711638,27.79
21,Burkina Faso,africa,1,electoral democracy,2,0.092185174,2160.51152951619,20997293,1053330,3.02
22,Cameroon,africa,1,electoral autocracy,1,-0.931839823,3576.34949945049,26655083,1020007,2.42
23,Canada,north america,7,liberal democracy,3,2.791056339,45856.6256264804,37799407,68764926,77.27
24,Central African Republic,africa,1,electoral autocracy,1,-2.056797688,928.589507504538,4843954,795630,7.04
25,Chad,africa,1,electoral autocracy,1,-0.515494095,1519.91236158763,16502877,366585,0.48
26,Chile,south america,8,electoral democracy,2,1.127567152,23324.5247506509,19144605,44305833,86.08
27,China,asia,3,closed autocracy,0,-1.298812854,16410.7977967813,1440297825,2855225000,83.6
28,Colombia,south america,8,electoral democracy,2,-0.892362842,13441.4929522564,50976248,64690489,55.25
29,Comoros,arab states,2,electoral autocracy,1,2.276412694,3140.69877162092,872695,581547,27.7
30,Congo,africa,1,electoral autocracy,1,-1.285834248,3449.1456948178,5540555,1295601,9.91
31,Costa Rica,south america,8,liberal democracy,3,1.586318505,19679.2886412163,5102158,7756348,68.21
32,Croatia,europe,5,electoral democracy,2,2.178475169,26465.1273096002,4100719,4731823,52.5
33,Cyprus,europe,5,liberal democracy,3,1.523086737,37655.1803457421,1208886,1541159,67.84
34,Denmark,europe,5,liberal democracy,3,3.036424591,55938.2128086032,5795780,12192710,78.86
35,Djibouti,arab states,2,electoral autocracy,1,-0.223077108,5481.11481697609,990447,200309,9.12
36,Dominican Republic,south america,8,electoral democracy,2,-0.293057049,17003.0130205346,10866667,14088487,52.04
37,Ecuador,south america,8,electoral democracy,2,0.643758092,10329.1987527594,17688599,27304608,70.27
38,Egypt,middle east,6,electoral autocracy,1,-1.536419686,11951.4475270117,102659126,52819190,19.78
39,El Salvador,south america,8,electoral democracy,2,0.246425049,8056.54308612849,6491923,9620698,63.77
40,Equatorial Guinea,africa,1,electoral autocracy,1,0.004124115,17007.6247800252,1410419,452666,14.03
41,Estonia,europe,5,liberal democracy,3,2.713978606,35638.4213511812,1326693,1519161,61.68
42,Eswatini,africa,1,closed autocracy,0,0.559096043,8392.71756391091,1162233,404374,25.79
43,Ethiopia,africa,1,electoral autocracy,1,-1.950493427,2296.82735215213,115434444,10936490,1.34
44,France,europe,5,liberal democracy,3,1.868426729,42025.6173730617,65298930,123812915,73.36
45,Gabon,africa,1,electoral autocracy,1,0.072854102,14399.8688094117,2234448,566021,7.6
46,Gambia,africa,1,electoral democracy,2,0.641877161,2159.44190927585,2427782,280797,9.47
47,Georgia,europe,5,electoral democracy,2,0.846184377,14089.3023335327,3987805,2520230,28.96
48,Germany,europe,5,liberal democracy,3,2.930530899,50922.3580234484,83830972,149673801,70.57
49,Ghana,africa,1,liberal democracy,3,0.23130234,5304.98352460298,31181428,7755231,7.36
50,Greece,europe,5,liberal democracy,3,0.723140758,27287.0834009302,10413936,17421457,67.83
51,Guatemala,south america,8,electoral democracy,2,0.296720965,8393.28464317623,17971382,11315836,25.7
52,Guinea,africa,1,electoral autocracy,1,0.002368991,2670.82335507161,13191279,2956557,6.89
53,Guinea-Bissau,africa,1,electoral democracy,2,1.201649104,1847.46582390878,1975718,413938,1.15
54,Guyana,south america,8,electoral democracy,2,0.90521378,18679.9802308198,787215,718219,37.37
55,Haiti,south america,8,electoral autocracy,1,0.590256953,2773.08136431323,11426356,197175,0.64
56,Honduras,south america,8,electoral autocracy,1,-0.621338298,5138.38539820015,9931333,9589064,42.7
57,Hungary,europe,5,electoral autocracy,1,1.089712178,31007.7684065437,9655983,15074636,62.14
58,Iceland,europe,5,liberal democracy,3,4.937323598,52279.7288513646,341628,716926,82.69
59,India,asia,3,electoral autocracy,1,-1.394107965,6118.35733018965,1382345085,1464526170,43.92
60,Indonesia,asia,3,electoral democracy,2,-0.433937111,11444.9606828103,274021604,281219803,41.46
61,Iran,middle east,6,electoral autocracy,1,-1.377935842,12433.2969754764,84176929,116210697,60.21
62,Iraq,middle east,6,electoral autocracy,1,-2.388372091,9255.25690289807,40372771,14140578,13.69
63,Ireland,europe,5,liberal democracy,3,2.718400896,89688.9569584859,4947267,9681400,77.03
64,Israel,europe,5,liberal democracy,3,-1.064022925,38341.3075704083,8678517,16795350,63.88
65,Italy,europe,5,liberal democracy,3,1.368498227,38992.1483807498,60446035,112176324,74.21
66,Jamaica,south america,8,electoral democracy,2,-0.026261613,8741.55044328036,2963429,1208789,19.06
67,Japan,asia,3,liberal democracy,3,2.370679835,41380.0935773113,126407422,201259462,78.88
68,Jordan,middle east,6,closed autocracy,0,0.145846286,9816.55452971638,10220604,8265793,38.31
69,Kazakhstan,asia,3,electoral autocracy,1,-0.158347042,25337.152399391,18815231,17525330,44.89
70,Kenya,africa,1,electoral autocracy,1,-1.201222357,4220.44024846369,53968739,10220981,7.77
71,Kuwait,middle east,6,electoral autocracy,1,0.694287592,49853.7362805684,4281320,6942690,74.31
72,Kyrgyzstan,asia,3,electoral autocracy,1,-0.403234839,4706.57023774883,6542426,2265426,15.15
73,Laos,asia,3,closed autocracy,0,0.91023329,7805.79855611968,7293542,5830021,42.0
74,Lebanon,middle east,6,electoral autocracy,1,-0.23126407,11649.0501121276,6819976,4410472,27.15
75,Lesotho,africa,1,electoral democracy,2,0.2225541,2279.89587402333,2145194,688097,29.69
76,Liberia,africa,1,electoral democracy,2,0.978316668,1353.84291976355,5077411,1146910,19.0
77,Libya,middle east,6,closed autocracy,0,-1.975751432,10282.2910804458,6887247,2679874,11.87
78,Lithuania,europe,5,electoral democracy,2,2.225502696,36732.034744031,2715340,4148272,68.16
79,Luxembourg,europe,5,liberal democracy,3,5.129846482,110261.157353302,627704,1076765,67.69
80,Madagascar,africa,1,electoral autocracy,1,-0.23040146,1510.14172617809,27808395,742069,1.9
81,Malawi,africa,1,electoral democracy,2,0.435626128,1486.77824843475,19211425,1808971,3.63
82,Malaysia,asia,3,electoral autocracy,1,-0.212651876,26435.1715707484,32436963,58055878,78.18
83,Maldives,asia,3,electoral democracy,2,0.555945257,13049.0466602078,542151,790154,67.59
84,Mali,africa,1,closed autocracy,0,-1.197660938,2216.77326231685,20346106,1087393,1.97
85,Malta,europe,5,electoral democracy,2,2.803173634,39222.1433509207,441750,1075996,84.48
86,Mauritania,arab states,2,electoral autocracy,1,-0.06432388,4983.2206333331,4669775,2323782,19.32
87,Mauritius,africa,1,electoral democracy,2,0.958180399,19469.5245883739,1272140,2038381,71.5
88,Mexico,south america,8,electoral democracy,2,-1.423018386,17887.7507356971,129166028,148938454,55.92
89,Moldova,europe,5,electoral democracy,2,0.484552357,12324.7362793838,4032294,1779632,24.43
90,Mongolia,asia,3,electoral democracy,2,0.4774756,11470.6738325698,3287242,5348124,65.03
91,Montenegro,europe,5,electoral autocracy,1,1.557095013,18278.730791552,628080,635683,43.49
92,Morocco,arab states,2,closed autocracy,0,0.335490756,6916.34641150088,36985624,50265580,61.57
93,Mozambique,africa,1,electoral autocracy,1,-0.087209576,1229.08001865892,31398811,14718782,18.92
94,Myanmar,asia,3,electoral autocracy,1,-2.467334008,4544.02156851419,54473253,31859036,23.77
95,Namibia,africa,1,electoral democracy,2,1.54286351,8893.81315720283,2548663,745158,13.21
96,Nepal,asia,3,electoral democracy,2,0.261589965,3800.06570306646,29225196,21988516,32.81
97,Netherlands,europe,5,liberal democracy,3,3.410230213,54209.5638357302,17141544,27126882,71.13
98,New Zealand,pacific,4,liberal democracy,3,3.445404703,42404.3937381567,4829021,8195277,75.29
99,Nicaragua,south america,8,electoral autocracy,1,0.113044035,5280.14058082508,6638075,7785141,43.35
100,Niger,africa,1,electoral democracy,2,-0.467373905,1196.87755957473,24346468,1716942,3.83
101,Nigeria,africa,1,electoral democracy,2,-2.058687075,4916.72138086439,206984347,14838199,2.12
102,North Macedonia,europe,5,electoral democracy,2,0.848406672,15848.4192939955,2083359,1741245,38.97
103,Norway,europe,5,liberal democracy,3,4.003323819,63585.9035142969,5428594,9757884,71.72
104,Oman,middle east,6,closed autocracy,0,0.806570325,27294.5729762764,5128058,6046310,55.34
105,Pakistan,asia,3,electoral autocracy,1,-1.581048329,4622.77076938075,221612785,159058469,32.0
106,Panama,south america,8,electoral democracy,2,2.205342238,25381.8484472504,4326296,5895748,56.34
107,Papua New Guinea,asia,3,electoral autocracy,1,0.31711269,4101.21888209216,8975531,504018,2.41
108,Paraguay,south america,8,electoral democracy,2,0.696920668,12335.4723571841,7147553,6833614,40.83
109,Peru,south america,8,electoral democracy,2,0.740837126,11260.8457538125,33050211,49828703,64.36
110,Philippines,asia,3,electoral autocracy,1,-2.131015039,7953.58164428408,109830324,108534301,44.69
111,Poland,europe,5,electoral democracy,2,1.815505193,32238.157259275,37839255,47005555,55.69
112,Portugal,europe,5,electoral democracy,2,1.939209809,32181.1545372343,10191409,19392011,89.56
113,Qatar,middle east,6,closed autocracy,0,1.671422665,85266.2105859195,2889284,5224040,75.7
114,Romania,europe,5,electoral democracy,2,0.936675539,28832.6231487683,19214608,15855948,40.88
115,Russia,europe,5,electoral autocracy,1,-1.232211867,26456.3879381321,145945524,146733930,45.96
116,Rwanda,africa,1,electoral autocracy,1,-0.670644255,2098.7103615481,13005303,13132793,40.69
117,Saudi Arabia,middle east,6,closed autocracy,0,-0.995758828,44328.1839111257,34905942,51493736,65.76
118,Senegal,africa,1,electoral democracy,2,0.796011622,3300.0854932471,16816539,2295914,5.47
119,Seychelles,africa,1,electoral democracy,2,1.479227588,24361.8939424167,98453,183472,79.13
120,Sierra Leone,africa,1,electoral democracy,2,0.540344793,1648.05335993719,8004158,923880,4.73
121,Singapore,asia,3,electoral autocracy,1,1.700365887,93397.048802202,5858322,9543800,87.0
122,Slovakia,europe,5,electoral democracy,2,1.812497515,30330.0428870265,5460109,6136055,44.55
123,Slovenia,europe,5,electoral democracy,2,3.157118616,36547.7389559849,2078989,2912569,57.3
124,Solomon Islands,pacific,4,electoral democracy,2,3.757369267,2482.87191978213,689671,235918,7.95
125,Somalia,arab states,2,closed autocracy,0,-1.739184553,829.611428860091,15965848,1504914,4.95
126,South Africa,africa,1,electoral democracy,2,-1.061342789,11466.189671582,59436725,27967541,26.44
127,South Korea,asia,3,liberal democracy,3,1.228568362,42251.4450571656,51276977,104316837,83.07
128,Spain,europe,5,liberal democracy,3,1.191515174,36215.4475907307,46757980,86237508,81.33
129,Sri Lanka,asia,3,electoral democracy,2,-0.526460575,12536.9417561704,21428970,33918012,64.41
130,Sudan,arab states,2,closed autocracy,0,-2.470596454,4022.86596657319,44019263,5251235,2.75
131,Suriname,south america,8,electoral democracy,2,1.194181517,16130.1708064491,587541,490259,38.62
132,Sweden,europe,5,liberal democracy,3,2.83679292,50683.3235097178,10110233,17602770,72.65
133,Switzerland,europe,5,liberal democracy,3,2.10741004,68393.306003945,8665615,13845606,66.87
134,Tajikistan,asia,3,electoral autocracy,1,-0.688976106,3657.57350716538,9573310,6287345,28.38
135,Tanzania,africa,1,electoral autocracy,1,-0.255901211,2635.3358910827,60012400,2431769,2.21
136,Thailand,asia,3,closed autocracy,0,-1.209087232,17286.866606887,69830779,102681943,64.94
137,Togo,africa,1,electoral autocracy,1,0.409906965,2107.87726149934,8310934,2413619,12.04
138,Trinidad and Tobago,south america,8,electoral democracy,2,0.90690385,23728.1586459056,1400283,1409304,47.67
139,Tunisia,arab states,2,electoral democracy,2,0.101200869,9727.50425926541,11839918,12205879,49.79
140,Turkey,europe,5,electoral autocracy,1,-1.62047259,28384.9877846263,84495243,132897714,60.77
141,Turkmenistan,asia,3,electoral autocracy,1,-0.567468907,15538.4199701316,6046292,7580976,52.41
142,Uganda,africa,1,electoral autocracy,1,-0.351118825,2177.59585383955,45974931,9763030,2.99
143,Ukraine,europe,5,electoral democracy,2,-1.219281904,12377.0172931178,43686577,28483982,31.71
144,United Arab Emirates,middle east,6,closed autocracy,0,0.206362335,67119.153244137,9910892,22677013,91.27
145,United Kingdom,europe,5,liberal democracy,3,2.221622899,41627.129269425,67948282,133458192,69.57
146,United States,north america,7,liberal democracy,3,0.235332781,60235.7284916969,331341050,507657980,61.51
147,Uruguay,south america,8,liberal democracy,3,2.782269859,21608.4302710014,3475842,6973365,76.78
148,Uzbekistan,asia,3,electoral autocracy,1,-0.588449175,6994.16941167262,33551824,39036802,32.72
149,Vanuatu,pacific,4,electoral democracy,2,2.312695773,2762.791388307,308337,152711,16.03
150,Vietnam,asia,3,closed autocracy,0,-0.373983921,8200.33186703573,97490013,153596950,57.44
151,Zambia,africa,1,electoral autocracy,1,-0.043186178,3270.03511228554,18468257,1730165,6.43
152,Zimbabwe,africa,1,electoral autocracy,1,-0.74135666,2744.69075807126,14899771,7284223,20.86
